Company Name,Industry,Symbol,Series,ISIN Code
Acutaas Chemicals Ltd.,Healthcare,ACUTAAS,EQ,INE00FF01025
Aegis Logistics Ltd.,Oil Gas & Consumable Fuels,AEGISLOG,EQ,INE208C01025
Affle 3i Ltd.,Information Technology,AFFLE,EQ,INE00WC01027
Amara Raja Energy & Mobility Ltd.,Automobile and Auto Components,ARE&M,EQ,INE885A01032
Amber Enterprises India Ltd.,Consumer Durables,AMBER,EQ,INE371P01015
Anand Rathi Wealth Ltd.,Financial Services,ANANDRATHI,EQ,INE463V01026
Angel One Ltd.,Financial Services,ANGELONE,EQ,INE732I01021
Apollo Tyres Ltd.,Automobile and Auto Components,APOLLOTYRE,EQ,INE438A01022
Ather Energy Ltd.,Automobile and Auto Components,ATHERENERG,EQ,INE0LEZ01016
Bandhan Bank Ltd.,Financial Services,BANDHANBNK,EQ,INE545U01014
Central Depository Services (India) Ltd.,Financial Services,CDSL,EQ,INE736A01011
City Union Bank Ltd.,Financial Services,CUB,EQ,INE491A01021
Computer Age Management Services Ltd.,Financial Services,CAMS,EQ,INE596I01020
Crompton Greaves Consumer Electricals Ltd.,Consumer Durables,CROMPTON,EQ,INE299U01018
Delhivery Ltd.,Services,DELHIVERY,EQ,INE148O01028
Dr. Lal Path Labs Ltd.,Healthcare,LALPATHLAB,EQ,INE600L01024
Gland Pharma Ltd.,Healthcare,GLAND,EQ,INE068V01023
Great Eastern Shipping Co. Ltd.,Services,GESHIP,EQ,INE017A01032
HFCL Ltd.,Telecommunication,HFCL,BE,INE548A01028
Himadri Speciality Chemical Ltd.,Chemicals,HSCL,EQ,INE019C01026
IIFL Finance Ltd.,Financial Services,IIFL,EQ,INE530B01024
Indraprastha Gas Ltd.,Oil Gas & Consumable Fuels,IGL,EQ,INE203G01027
Inox Wind Ltd.,Capital Goods,INOXWIND,EQ,INE066P01011
KPIT Technologies Ltd.,Information Technology,KPITTECH,EQ,INE04I401011
Karur Vysya Bank Ltd.,Financial Services,KARURVYSYA,EQ,INE036D01028
Kaynes Technology India Ltd.,Capital Goods,KAYNES,EQ,INE918Z01012
Kfin Technologies Ltd.,Financial Services,KFINTECH,EQ,INE138Y01010
Kirloskar Oil Eng Ltd.,Capital Goods,KIRLOSENG,EQ,INE146L01010
MTAR Technologies Ltd.,Capital Goods,MTARTECH,BE,INE864I01014
Manappuram Finance Ltd.,Financial Services,MANAPPURAM,EQ,INE522D01027
NATCO Pharma Ltd.,Healthcare,NATCOPHARM,EQ,INE987B01026
NBCC (India) Ltd.,Construction,NBCC,EQ,INE095N01031
Navin Fluorine International Ltd.,Chemicals,NAVINFLUOR,EQ,INE048G01026
Neuland Laboratories Ltd.,Healthcare,NEULANDLAB,EQ,INE794A01010
Onesource Specialty Pharma Ltd.,Healthcare,ONESOURCE,EQ,INE013P01021
PG Electroplast Ltd.,Consumer Durables,PGEL,EQ,INE457L01029
PNB Housing Finance Ltd.,Financial Services,PNBHOUSING,EQ,INE572E01012
Piramal Pharma Ltd.,Healthcare,PPLPHARMA,EQ,INE0DK501011
Poonawalla Fincorp Ltd.,Financial Services,POONAWALLA,EQ,INE511C01022
RBL Bank Ltd.,Financial Services,RBLBANK,EQ,INE976G01028
Redington Ltd.,Services,REDINGTON,EQ,INE891D01026
Sai Life Sciences Ltd.,Healthcare,SAILIFE,EQ,INE570L01029
Sona BLW Precision Forgings Ltd.,Automobile and Auto Components,SONACOMS,EQ,INE073K01018
Syngene International Ltd.,Healthcare,SYNGENE,EQ,INE398R01022
TD Power Systems Ltd.,Capital Goods,TDPOWERSYS,EQ,INE419M01035
Tata Chemicals Ltd.,Chemicals,TATACHEM,EQ,INE092A01019
Tata Elxsi Ltd.,Information Technology,TATAELXSI,EQ,INE670A01012
Tata Technologies Ltd.,Information Technology,TATATECH,EQ,INE142M01025
Welspun Corp Ltd.,Capital Goods,WELCORP,EQ,INE191B01025
Wockhardt Ltd.,Healthcare,WOCKPHARMA,EQ,INE049B01025
