SYMBOL,DELIV_PER
20MICRONS,50.62
21STCENMGM,99.29
360ONE,47.36
3BBLACKBIO,65.13
3IINFOLTD,44.75
3MINDIA,41.41
3PLAND,73.84
5PAISA,63.86
63MOONS,25.82
A2ZINFRA,61.47
AAATECH,49.16
AADHARHFC,51.23
AAKASH,76.13
AARNAV,27.49
AARON,49.81
AARTIDRUGS,51.75
AARTIIND,46.89
AARTIPHARM,50.7
AARTISURF,20.85
AARVI,49.49
AASTHA,22.57
AAVAS,55.22
ABB,24.67
ABBOTINDIA,47.36
ABCAPITAL,46.41
ABCOTS,49.81
ABDL,60.74
ABFRL,50.94
ABGSEC,73.68
ABINFRA,53.73
ABLBL,62.32
ABMINTLLTD,51.39
ABMKNO,75.78
ABREL,43.53
ABSL10BANK,98.99
ABSLAMC,61.0
ABSLBANETF,86.55
ABSLLIQUID,59.21
ABSLMSCIN,99.52
ABSLNN50ET,93.82
ABSLPSE,77.32
ACC,50.51
ACCELYA,64.03
ACE,40.04
ACEINTEG,80.91
ACI,51.46
ACL,56.46
ACMESOLAR,40.8
ACSTECH,66.91
ACUTAAS,50.21
ADANIENSOL,43.02
ADANIENT,30.63
ADANIGREEN,35.3
ADANIPORTS,42.42
ADANIPOWER,43.93
ADFFOODS,42.65
ADL,59.26
ADOR,59.68
ADROITINFO,60.03
ADSL,53.98
ADVAIT,52.32
ADVANCE,48.03
ADVANIHOTR,66.33
ADVENTHTL,53.14
ADVENZYMES,55.53
AEGISLOG,36.16
AEGISVOPAK,42.36
AEPL,74.56
AEQUS,51.1
AEROENTER,39.27
AEROFLEX,42.99
AERONEU,19.43
AEROPLANE,57.81
AETHER,39.69
AFCONS,45.55
AFFLE,44.7
AFIL,71.47
AFSL,53.83
AGARIND,19.67
AGARWALEYE,25.41
AGI,36.93
AGIIL,28.76
AGL,52.26
AGROPHOS,64.97
AHCL,63.92
AHLADA,68.4
AHLEAST,78.97
AHLUCONT,57.74
AIAENG,52.47
AIIL,40.85
AIRAN,78.57
AIROLAM,74.25
AJANTPHARM,50.47
AJAXENGG,62.49
AJMERA,27.1
AJOONI,85.65
AKASH,69.07
AKCAPIT,70.68
AKG,75.82
AKI,66.92
AKSHAR,46.96
AKUMS,55.84
ALANKIT,84.6
ALBERTDAVD,68.22
ALEMBICLTD,57.7
ALGOQUANT,16.79
ALICON,63.29
ALIVUS,26.54
ALKEM,54.39
ALKYLAMINE,14.93
ALLCARGO,52.1
ALLDIGI,63.14
ALLTIME,69.3
ALMONDZ,60.31
ALOKINDS,60.55
ALPA,56.74
ALPHA,68.92
ALPHAETF,59.69
ALPHAGEO,41.64
ALPINETEX,57.6
ALPL30IETF,68.7
AMAGI,57.34
AMBALALSA,63.62
AMBER,30.08
AMBICAAGAR,99.11
AMBIKCO,59.13
AMBUJACEM,65.8
AMDIND,73.55
AMJLAND,79.85
AMNPLST,47.53
AMRUTANJAN,60.12
ANANDRATHI,60.09
ANANTRAJ,36.9
ANDHRAPAP,78.55
ANDHRSUGAR,45.47
ANGELONE,38.92
ANIKINDS,94.22
ANMOL,73.51
ANTELOPUS,48.53
ANTGRAPHIC,77.74
ANTHEM,56.76
ANUHPHR,59.25
ANUP,53.46
ANURAS,66.05
AONEGOLD,78.29
AONELIQUID,72.09
AONENIFTY,85.2
AONESILVER,65.93
AONETMMQ50,67.4
AONETOTAL,73.0
APARINDS,41.32
APCL,70.98
APCOTEXIND,35.47
APEX,40.81
APLAPOLLO,41.86
APLLTD,26.18
APOLLO,30.18
APOLLOHOSP,60.09
APOLLOPIPE,67.65
APOLLOTYRE,41.76
APOLSINHOT,83.07
APTUS,62.31
AQYLON,52.0
ARCHIDPLY,84.28
ARCHIES,70.47
ARE&M,39.85
ARENTERP,62.73
ARFIN,33.76
ARIES,69.56
ARIHANT,43.69
ARIHANTCAP,31.6
ARIHANTSUP,60.67
ARIS,53.67
ARKADE,39.13
ARMANFIN,63.21
AROGRANITE,82.97
ARSSBL,50.98
ARTEMISMED,50.92
ARTNIRMAN,94.64
ARVEE,77.19
ARVIND,50.04
ARVINDFASN,57.02
ARVSMART,65.86
ASAHIINDIA,48.72
ASAL,54.03
ASALCBR,58.8
ASHAPURMIN,46.16
ASHIANA,42.89
ASHIKAG,24.66
ASHIMASYN,64.3
ASHOKA,49.17
ASHOKAMET,60.83
ASHOKLEY,42.3
ASIANENE,56.45
ASIANHOTNR,49.29
ASIANPAINT,50.78
ASIANTILES,53.29
ASKAUTOLTD,40.41
ASPINWALL,57.56
ASTAR,85.71
ASTEC,58.42
ASTERDM,61.56
ASTRAL,41.34
ASTRAMICRO,53.19
ASTRAZEN,43.8
ATALREAL,14.0
ATAM,59.3
ATGL,25.89
ATHERENERG,20.44
ATL,62.63
ATLANTAA,61.07
ATLANTAELE,34.29
ATLASCYCLE,88.16
ATUL,58.18
ATULAUTO,28.88
AUBANK,58.91
AURIONPRO,60.32
AUROPHARMA,62.69
AURUM,18.72
AURUS,87.06
AUTOAXLES,52.2
AUTOBEES,54.91
AUTOIETF,54.84
AVADHSUGAR,7.79
AVALON,37.87
AVANTEL,48.73
AVANTIFEED,39.61
AVL,38.59
AVONMORE,61.94
AVROIND,73.91
AVTNPL,70.1
AWFIS,62.37
AWHCL,50.85
AWL,46.75
AXISBANK,57.53
AXISCADES,55.22
AXITA,7.98
AYE,49.4
AYMSYNTEX,68.16
AZAD,38.81
BAGFILMS,91.68
BAIDFIN,80.38
BAJAJ-AUTO,54.5
BAJAJCON,47.8
BAJAJELEC,23.2
BAJAJFINSV,69.17
BAJAJHCARE,48.45
BAJAJHFL,40.75
BAJAJHIND,27.29
BAJAJHLDNG,50.11
BAJAJINDEF,70.17
BAJAJST,80.06
BAJEL,48.36
BAJFINANCE,63.69
BALAJEE,63.9
BALAJITELE,62.64
BALAMINES,34.13
BALAXI,94.47
BALKRISHNA,57.58
BALKRISIND,41.97
BALMLAWRIE,63.25
BALPHARMA,78.8
BALRAMCHIN,31.81
BALUFORGE,74.2
BANARBEADS,81.08
BANARISUG,60.44
BANCOINDIA,46.13
BANDHANBNK,49.09
BANG,88.18
BANK10ADD,55.34
BANK10BETF,99.0
BANKADD,84.93
BANKBARODA,45.35
BANKBEES,57.84
BANKBETA,82.04
BANKBETF,96.49
BANKETF,75.02
BANKIETF,57.62
BANKINDIA,48.09
BANKNIFTY1,60.31
BANKPSU,71.4
BANSALWIRE,48.47
BANSWRAS,63.76
BASF,22.99
BATAINDIA,36.75
BATLIBOI,63.64
BAYERCROP,55.91
BBETF0432,52.26
BBL,39.11
BBNPNBETF,48.71
BBNPPGOLD,78.74
BBOX,46.69
BBTC,59.5
BBTCL,75.15
BCG,55.66
BCLIND,59.67
BCONCEPTS,89.71
BCPL,80.61
BDL,33.07
BEARDSELL,77.86
BECTORFOOD,35.72
BEDMUTHA,76.2
BEEKAY,94.05
BEL,62.06
BELLACASA,47.37
BELRISE,52.04
BEML,55.23
BENGALASM,9.49
BEPL,37.65
BERGEPAINT,42.24
BESTAGRO,14.41
BETA,52.46
BFINVEST,53.53
BFSI,77.63
BFUTILITIE,59.55
BHAGCHEM,41.69
BHARATCOAL,41.11
BHARATFORG,59.19
BHARATRAS,43.15
BHARATSE,18.42
BHARATWIRE,45.19
BHARTIARTL,52.3
BHARTIHEXA,55.94
BHEL,50.67
BI,89.41
BIGBLOC,57.35
BIKAJI,54.2
BIL,79.41
BIMETAL,70.83
BIOCON,47.75
BIOFILCHEM,69.11
BIRLACORPN,63.88
BIRLAMONEY,40.97
BIRLANU,63.38
BIRLAPREC,65.22
BLACKBUCK,41.48
BLAL,51.78
BLBLIMITED,87.35
BLIL,64.31
BLKASHYAP,66.16
BLS,55.4
BLSE,44.86
BLUEDART,51.08
BLUEJET,36.38
BLUESTARCO,58.17
BLUESTONE,9.0
BLUSPRING,52.72
BMWVENTLTD,46.71
BNKETFAXIS,53.92
BOHRAIND,65.77
BOMDYEING,45.78
BONLON,71.41
BORANA,71.47
BOROLTD,45.21
BORORENEW,51.72
BOROSCI,41.72
BOSCH-HCIL,54.04
BOSCHLTD,33.08
BPCL,51.5
BPL,55.08
BRIGADE,66.95
BRIGHOTEL,56.21
BRITANNIA,54.43
BRNL,48.25
BSE,35.87
BSE500IETF,58.78
BSL,74.4
BSLGOLDETF,85.88
BSLNIFTY,84.19
BSLSENETFG,83.33
BSOFT,43.55
BTML,92.05
BUILDPRO,57.81
BUTTERFLY,52.93
BVCL,57.25
CAMLINFINE,36.31
CAMPUS,47.76
CAMS,27.21
CANBK,51.38
CANFINHOME,70.9
CANHLIFE,42.81
CANTABIL,82.29
CAPACITE,51.18
CAPILLARY,10.79
CAPITALSFB,52.43
CAPLIPOINT,55.52
CAPTRUST,81.47
CARBORUNIV,41.11
CARERATING,53.99
CARRARO,62.58
CARTRADE,33.07
CARYSIL,51.47
CASHIETF,72.71
CASTROLIND,58.96
CCAVENUE,44.03
CCCL,72.27
CCHHL,83.33
CCL,48.02
CDSL,26.59
CEATLTD,44.91
CEIGALL,57.0
CEINSYS,45.64
CELEBRITY,74.78
CELLO,64.08
CEMNTGROWW,88.88
CEMPRO,48.01
CENTENKA,56.1
CENTEXT,31.73
CENTRALBK,55.01
CENTRUM,67.78
CENTUM,51.73
CENTURYPLY,42.38
CERA,47.37
CESC,51.55
CEWATER,67.98
CGCL,25.12
CGPOWER,25.68
CHALET,75.29
CHAMBLFERT,43.42
CHEMICAL,61.25
CHEMPLASTS,55.31
CHENNPETRO,33.26
CHEVIOT,73.38
CHOICEGOLD,17.19
CHOICEIN,29.86
CHOLAFIN,66.9
CHOLAHLDNG,65.06
CIEINDIA,67.75
CIFL,90.57
CINELINE,80.04
CINEVISTA,68.69
CIPLA,51.3
CLEAN,50.11
CLEANMAX,46.84
CLSEL,52.21
CMLL,20.67
CMPDI,53.45
CMRGREEN,38.97
CMSINFO,62.62
CNL,27.04
COALINDIA,65.13
COASTCORP,63.3
COCHINSHIP,47.26
COCKERILL,54.25
COFORGE,45.62
COHANCE,52.03
COLPAL,51.33
COMFINTE,41.78
COMMOIETF,46.61
COMPUSOFT,79.04
COMSYN,41.85
CONCOR,55.99
CONCORDBIO,44.63
CONFIPET,42.26
CONS,90.67
CONSUMAXIS,55.66
CONSUMBEES,59.82
CONSUMER,81.33
CONSUMIETF,74.33
CONTROLPR,52.63
CORALFINAC,81.35
CORDELIA,36.64
COROMANDEL,50.76
CORONA,39.21
COSMOFIRST,55.91
COUNCODOS,89.35
CPEDU,65.21
CPL,50.52
CPPLUS,55.4
CPSEETF,59.09
CRAFTSMAN,48.14
CRAMC,45.67
CREATIVEYE,59.06
CREDITACC,48.22
CREST,50.92
CRISIL,59.21
CRIZAC,51.74
CROMPTON,39.28
CROWN,73.72
CSBBANK,51.8
CSLFINANCE,56.09
CSM,60.0
CTE,78.47
CUB,73.54
CUBEXTUB,61.96
CUMMINSIND,46.19
CUPID,29.77
CURAA,77.73
CYIENT,59.1
CYIENTDLM,38.65
DABUR,50.56
DALBHARAT,59.88
DALMIASUG,10.05
DAMCAPITAL,53.81
DANGEE,64.57
DATAMATICS,55.53
DATAPATTNS,21.06
DAVANGERE,73.7
DBCORP,55.63
DBL,34.21
DBOL,55.32
DCAL,51.73
DCBBANK,53.68
DCI,27.5
DCMFINSERV,90.95
DCMSHRIRAM,41.49
DCMSRIND,57.02
DCW,45.47
DCXINDIA,47.78
DDEVPLSTIK,56.89
DECCANCE,35.58
DECNGOLD,47.27
DEEPAKFERT,25.49
DEEPAKNTR,51.84
DEEPINDS,35.75
DEFENCE,70.12
DELHIVERY,47.8
DELTACORP,51.11
DELTAMAGNT,96.73
DEN,30.36
DENORA,51.18
DENTA,38.8
DEVIT,63.46
DEVX,92.79
DEVYANI,39.51
DGCONTENT,91.8
DHAMPURSUG,29.59
DHANBANK,54.82
DHANUKA,37.34
DHARMAJ,86.45
DHUNINV,59.6
DIAMINESQ,78.27
DIAMONDYD,50.78
DICIND,67.98
DIFFNKG,46.22
DIGIDRIVE,93.12
DIGITIDE,59.62
DIGJAMLMTD,71.15
DISAQ,55.02
DIVGIITTS,45.54
DIVIDEND,98.03
DIVISLAB,55.89
DIVOPPBEES,65.29
DIXON,27.04
DJML,26.55
DLF,49.94
DLINKINDIA,54.22
DMART,58.7
DMCC,61.02
DNAMEDIA,79.79
DODLA,44.84
DOLATALGO,66.15
DOLLAR,44.07
DOLPHIN,72.64
DOMS,34.52
DONEAR,72.29
DPABHUSHAN,37.98
DRAGARWQ,45.67
DRCSYSTEMS,62.27
DREAMFOLKS,39.11
DREDGECORP,38.99
DRREDDY,56.23
DSSL,61.73
DTIL,76.64
DUCON,59.97
DVL,71.12
DWARKESH,32.43
DYCL,38.29
DYNAMATECH,37.16
DYNPRO,63.79
E2E,41.83
EASEMYTRIP,33.63
EBANKNIFTY,98.53
EBBETF0430,68.24
EBBETF0431,61.54
EBBETF0433,98.53
EBGNG,64.3
ECAPINSURE,93.12
ECLERX,36.56
EDELWEISS,51.07
EFCIL,77.95
EGOLD,91.76
EICHERMOT,65.07
EIDPARRY,46.35
EIEL,38.16
EIHAHOTELS,34.27
EIHOTEL,54.06
EIMCOELECO,43.95
EKC,53.64
ELANTAS,71.25
ELCIDIN,43.33
ELDEHSG,67.18
ELECON,48.34
ELECTCAST,54.99
ELECTHERM,54.74
ELGIEQUIP,63.54
ELGIRUBCO,77.9
ELIN,56.32
ELIQUID,88.76
ELITECON,57.94
ELLEN,51.34
ELM250,85.28
ELPROINTL,87.3
EMAMILTD,42.78
EMBDL,42.5
EMCURE,65.92
EMETAL,71.67
EMIL,57.74
EMKAY,39.81
EMMVEE,40.24
EMSLIMITED,40.89
EMUDHRA,46.18
EMULTIMQ,94.12
ENDURANCE,55.08
ENERGY,63.72
ENERGYDEV,69.05
ENEXT50,82.71
ENGINERSIN,51.04
ENIFTY,54.7
ENIL,54.72
ENRIN,48.98
ENTERO,28.88
EPACK,35.05
EPACKPEB,6.94
EPIGRAL,68.92
EPL,54.87
EQUAL200,40.4
EQUAL50,92.5
EQUAL50ADD,77.56
EQUITASBNK,53.77
ERIS,70.7
ESABINDIA,55.1
ESAFSFB,23.14
ESCORTS,42.8
ESENSEX,84.69
ESG,85.58
ESILVER,32.47
ESSARSHPNG,66.23
ESTER,71.45
ETERNAL,53.57
ETHOSLTD,18.64
EUREKAFORB,41.74
EUROBOND,71.74
EUROPRATIK,49.26
EVEREADY,59.47
EVIETF,53.01
EVINDIA,84.88
EXCELINDUS,63.91
EXCELSOFT,36.73
EXICOM,38.44
EXIDEIND,50.23
EXPLEOSOL,47.94
EXXARO,77.59
FABTECH,41.06
FACT,36.27
FAZE3Q,75.06
FCL,44.42
FCSSOFT,66.93
FDC,54.18
FEDDERSHOL,41.81
FEDERALBNK,46.65
FEDFINA,55.94
FERMENTA,37.38
FIBERWEB,75.42
FIEMIND,55.7
FILATEX,35.31
FINCABLES,54.88
FINEORG,51.55
FINIETF,57.73
FINKURVE,84.21
FINOPB,38.56
FINPIPE,53.0
FIRSTCRY,52.59
FISCHER,6.94
FIVESTAR,50.18
FLAIR,62.79
FLEXIADD,53.87
FLUOROCHEM,57.93
FMCGADD,48.82
FMCGIETF,63.78
FMGOETZE,64.63
FOODSIN,58.37
FORCEMOT,22.37
FORTIS,56.49
FOSECOIND,39.75
FRACTAL,47.64
FRONTSP,67.79
FSL,28.8
FUSION,27.9
GABRIEL,27.39
GAEL,48.76
GAIL,54.33
GALAPREC,55.04
GALAXYSURF,57.45
GALLANTT,39.96
GANDHAR,23.45
GANDHITUBE,69.82
GANECOS,35.37
GANESHCP,46.36
GANESHHOU,58.25
GANGESSECU,56.98
GARFIBRES,57.31
GARUDA,35.51
GATECH,68.52
GATEWAY,54.15
GAYAHWS,76.21
GCSL,42.06
GEEKAYWIRE,28.12
GEMAROMA,65.4
GENCON,3.34
GENESYS,27.52
GENUSPAPER,64.88
GENUSPOWER,47.46
GEOJITFSL,60.19
GESHIP,23.09
GFLLIMITED,63.15
GHCL,57.66
GHCLTEXTIL,51.54
GICHSGFIN,61.62
GICL,60.98
GICRE,67.75
GILLANDERS,84.77
GILLETTE,58.55
GILT10BETA,93.27
GILT5BETA,85.11
GILT5YBEES,70.33
GIPCL,56.5
GKENERGY,48.15
GKSL,46.07
GKWLIMITED,82.87
GLAND,59.53
GLAXO,50.16
GLENMARK,50.39
GLOBAL,75.35
GLOBALVECT,50.68
GLOBE,84.67
GLOBECIVIL,72.99
GLOBUSSPR,49.96
GLOSTERLTD,91.04
GMBREW,56.46
GMDCLTD,33.47
GMMPFAUDLR,61.07
GMRAIRPORT,51.53
GMRP&UI,51.96
GNA,38.08
GNFC,51.86
GNRL,47.85
GOACARBON,35.15
GOCLCORP,56.84
GOCOLORS,46.16
GODAVARIB,57.7
GODFRYPHLP,20.96
GODIGIT,49.8
GODREJAGRO,62.98
GODREJCP,51.77
GODREJIND,49.08
GODREJPROP,21.34
GOKEX,46.99
GOKUL,19.02
GOKULAGRO,31.63
GOLD1,55.03
GOLD360,55.37
GOLDADD,82.45
GOLDAXIS,66.68
GOLDBEES,50.16
GOLDBETA,80.12
GOLDBND,57.68
GOLDCASE,54.56
GOLDETF,66.94
GOLDIAM,38.71
GOLDIETF,74.59
GOODLUCK,63.82
GOODYEAR,63.55
GOPAL,39.37
GOYALALUM,74.65
GPIL,46.22
GPPL,58.09
GPTHEALTH,30.22
GPTINFRA,51.47
GRANDOAK,74.94
GRANULES,63.49
GRAPHITE,22.13
GRASIM,45.88
GRAUWEIL,36.1
GRAVISSHO,70.7
GRAVITA,47.17
GREAVESCOT,34.26
GREENLAM,72.43
GREENPANEL,65.26
GREENPLY,63.26
GREENPOWER,55.06
GRINDWELL,46.96
GRINFRA,62.02
GRMOVER,44.01
GROBTEA,66.67
GROWW,49.4
GROWWCAPM,65.53
GROWWCHEM,83.38
GROWWDEFNC,54.52
GROWWEV,45.43
GROWWGOLD,49.69
GROWWHOSPI,74.46
GROWWLIQID,73.86
GROWWLOVOL,64.49
GROWWMC150,62.18
GROWWMETAL,64.22
GROWWMOM50,94.9
GROWWN200,78.43
GROWWNET,84.48
GROWWNIFTY,68.67
GROWWNXT50,74.75
GROWWPOWER,64.15
GROWWPSE,94.28
GROWWPSUBK,95.35
GROWWRAIL,69.65
GROWWRLTY,70.23
GROWWSC250,99.07
GROWWSLVR,71.49
GRPLTD,68.2
GRSE,44.95
GRWRHITECH,46.39
GSEC10IETF,100.0
GSEC10YEAR,77.48
GSEC5IETF,85.62
GSFC,48.99
GSLSU,78.62
GSPCROP,26.7
GSS,70.83
GTL,74.86
GTLINFRA,45.09
GTPL,65.4
GUFICBIO,62.2
GUJALKALI,45.15
GUJAPOLLO,65.67
GUJENERGY,58.38
GUJRAFFIA,62.09
GUJTHEM,86.1
GULFOILLUB,29.15
GULPOLY,59.24
GVPIL,46.39
GVPTECH,73.57
GVT&D,55.63
GYFTR,15.02
HAL,47.8
HALDER,17.07
HALEOSLABS,81.76
HAPPSTMNDS,42.8
HAPPYFORGE,29.05
HARDWYN,43.5
HARIOMPIPE,57.36
HARRMALAYA,68.18
HARSHA,67.28
HATHWAY,54.87
HATSUN,64.98
HAVELLS,59.23
HAVISHA,83.01
HAWKINCOOK,59.55
HBESD,100.0
HBLENGINE,39.56
HBSL,84.32
HCC,47.56
HCG,75.51
HCL-INSYS,68.32
HCLTECH,57.09
HDBFS,61.85
HDFCAMC,68.5
HDFCBANK,61.76
HDFCBSE500,93.49
HDFCGOLD,63.59
HDFCGROWTH,78.05
HDFCLIFE,56.86
HDFCLIQUID,54.87
HDFCLOWVOL,72.04
HDFCMID150,69.44
HDFCMOMENT,86.51
HDFCNEXT50,83.94
HDFCNIF100,60.79
HDFCNIFBAN,78.84
HDFCNIFIT,87.29
HDFCNIFTY,70.41
HDFCNIMEG,87.11
HDFCPSUBK,67.96
HDFCPVTBAN,64.29
HDFCQUAL,90.28
HDFCSENSEX,76.38
HDFCSILVER,50.59
HDFCSML250,67.34
HDFCVALUE,51.45
HEADSUP,86.02
HEALTHADD,83.57
HEALTHAXIS,49.45
HEALTHCARE,51.26
HEALTHIETF,53.72
HEALTHX,60.03
HEALTHY,62.12
HECPROJECT,67.6
HEG,39.54
HEIDELBERG,52.39
HEMIPROP,53.4
HERANBA,61.04
HERITGFOOD,55.48
HEROMOTOCO,46.52
HESTERBIO,38.61
HEXATRADEX,71.95
HEXT,48.83
HFCL,34.95
HGINFRA,56.08
HGM,85.03
HGS,71.63
HIKAL,51.38
HILINFRA,51.91
HIMATSEIDE,60.71
HINDALCO,50.98
HINDCOMPOS,40.74
HINDCON,68.2
HINDCOPPER,40.55
HINDOILEXP,47.03
HINDPETRO,59.95
HINDUNILVR,56.57
HINDWAREAP,56.22
HINDZINC,41.74
HIRECT,33.98
HISARMETAL,83.33
HITECH,54.23
HLEGLAS,46.48
HLVLTD,63.2
HMAAGRO,56.68
HMVL,29.0
HNDFDS,54.32
HNGSNGBEES,72.98
HOMEFIRST,61.55
HONASA,47.95
HONAUT,49.7
HONDAPOWER,68.29
HPAL,69.81
HPIL,65.91
HPL,54.91
HSBCGOLD,76.59
HSCL,29.59
HTMEDIA,63.05
HUBTOWN,48.32
HUDCO,59.58
HUHTAMAKI,52.41
HYBRIDETF,99.99
HYUNDAI,48.13
ICDSLTD,86.57
ICEMAKE,65.12
ICICIAMC,71.23
ICICIB22,54.11
ICICIBANK,48.19
ICICIGI,60.8
ICICIPRULI,65.84
ICIL,50.11
ICRA,61.51
IDBI,46.13
IDEA,19.08
IDFCFIRSTB,51.09
IDFNIFTYET,61.03
IEX,24.71
IFBIND,56.79
IFCI,33.16
IFGLEXPOR,33.48
IGARASHI,54.93
IGCL,69.71
IGIL,69.29
IGL,58.39
IGPL,43.46
IIFL,70.57
IIFLCAPS,75.39
IITL,22.62
IKIO,51.77
IKS,57.73
IMAGICAA,51.23
IMFA,33.58
IMPAL,62.74
INA,41.35
INCREDIBLE,71.26
INDBANK,66.12
INDGN,39.75
INDHOTEL,55.83
INDIACEM,33.29
INDIAGLYCO,49.51
INDIAMART,66.55
INDIANB,44.44
INDIANCARD,68.28
INDIANHUME,50.83
INDIASHLTR,62.48
INDIGO,44.06
INDIGOPNTS,53.18
INDIQUBE,51.49
INDNIPPON,50.83
INDOBORAX,39.51
INDOCO,35.87
INDOFARM,47.0
INDOMIM,25.24
INDORAMA,33.96
INDOSTAR,66.55
INDOTHAI,100.0
INDOUS,54.97
INDPRUD,74.29
INDRAMEDCO,49.61
INDSWFTLAB,40.8
INDTERRAIN,29.81
INDUSINDBK,46.92
INDUSTOWER,63.71
INFOBEAN,47.31
INFOMEDIA,64.23
INFRA,88.01
INFRABEES,50.45
INFRAIETF,79.19
INFY,54.44
INGERRAND,45.3
INNOVACAP,46.63
INNOVANA,61.62
INNOVISION,78.52
INOXINDIA,34.3
INOXWIND,33.54
INSECTICID,49.77
INTELLECT,46.47
INTENTECH,71.61
INTERARCH,71.55
INTERNET,81.18
INTLCONV,81.44
INVENTURE,65.02
IOB,55.75
IOC,57.88
IOLCP,44.14
IONEXCHANG,49.35
IPCALAB,61.6
IPL,53.88
IRB,55.99
IRCON,36.4
IRCTC,48.31
IREDA,27.38
IRFC,39.24
IRIS,55.08
IRISDOREME,38.4
IRMENERGY,51.45
ISFT,67.52
ISGEC,63.17
ISHANCH,87.57
IT,61.1
ITADD,93.34
ITAXIS,64.46
ITBEES,52.83
ITBETA,85.98
ITC,42.05
ITCHOTELS,54.53
ITDC,29.11
ITETF,48.85
ITI,42.42
ITIETF,45.92
IVALUE,69.62
IVC,77.75
IVZINGOLD,70.63
IVZINNIFTY,84.12
IWP,96.2
IXIGO,48.45
IZMO,57.65
J&KBANK,52.08
JAGRAN,61.78
JAGSNPHARM,44.89
JAICORPLTD,47.91
JAINREC,30.37
JAIPURKURT,98.04
JAMNAAUTO,40.31
JARO,49.48
JASH,58.77
JAYAGROGN,60.46
JAYBARMARU,53.55
JAYKAY,66.57
JAYNECOIND,41.97
JAYSREETEA,65.26
JBMA,44.43
JETFREIGHT,55.84
JGCHEM,53.48
JHS,90.76
JINDALPHOT,69.12
JINDALPOLY,64.98
JINDALSAW,59.13
JINDALSTEL,38.21
JINDRILL,40.9
JINDWORLD,12.26
JIOFIN,41.42
JISLDVREQS,90.24
JISLJALEQS,45.13
JITFINFRA,61.14
JKCEMENT,49.8
JKIL,57.53
JKLAKSHMI,58.39
JKPAPER,48.12
JKTYRE,49.04
JLHL,51.03
JMA,69.6
JMFINANCIL,24.5
JNKINDIA,36.1
JPOLYINVST,63.01
JPPOWER,29.7
JSFB,51.68
JSL,53.71
JSLL,52.65
JSWCEMENT,59.42
JSWDULUX,41.34
JSWENERGY,52.21
JSWHL,40.63
JSWINFRA,52.08
JSWSTEEL,53.48
JTEKTINDIA,50.39
JTLIND,49.78
JUBLCPL,74.07
JUBLFOOD,38.19
JUBLINGREA,49.76
JUBLPHARMA,57.07
JUNIORBEES,67.72
JUNIPER,68.7
JUSTDIAL,33.36
JWL,41.3
JYOTHYLAB,52.92
JYOTICNC,46.86
JYOTISTRUC,50.14
KABRAEXTRU,51.86
KAJARIACER,52.19
KALAMANDIR,51.28
KALPATARU,48.17
KALYANIFRG,70.74
KALYANKJIL,15.18
KAMAHOLD,75.13
KAMATHOTEL,61.43
KAMOPAINTS,77.4
KANANIIND,79.91
KANPRPLA,50.25
KANSAINER,42.84
KAPSTON,41.93
KARMAENG,57.18
KARURVYSYA,62.98
KAVDEFENCE,61.67
KAYA,76.76
KAYNES,22.18
KCP,56.58
KCPSUGIND,47.22
KDDL,31.87
KEC,52.36
KECL,56.96
KEEPLEARN,95.46
KEI,18.38
KELLTONTEC,40.58
KENNAMET,60.3
KERNEX,54.6
KEYFINSERV,70.64
KFINTECH,31.31
KHAICHEM,82.54
KHAITANLTD,48.99
KHANDSE,75.0
KICL,55.16
KIMS,55.09
KINGFA,49.4
KIOCL,28.59
KIRANVYPAR,89.6
KIRIINDUS,50.29
KIRLFER,61.08
KIRLOSBROS,33.79
KIRLOSENG,48.25
KIRLOSIND,49.84
KIRLPNU,49.6
KISSHT,43.11
KITEX,44.81
KKCL,30.97
KLBRENG-B,54.98
KMEW,40.05
KMSUGAR,49.49
KNACK,36.95
KNAGRI,64.89
KNRCON,56.56
KOHINOOR,36.03
KOKUYOCMLN,63.17
KOLTEPATIL,56.51
KOTAKBANK,58.72
KOTARISUG,60.75
KOTHARIPET,60.27
KOTHARIPRO,79.09
KOTIC,53.25
KOVAI,63.59
KPEL,55.59
KPIGREEN,49.16
KPIL,54.98
KPITTECH,25.66
KPL,50.31
KPRMILL,50.11
KRBL,38.43
KREBSBIO,74.94
KRISHANA,37.63
KRISHIVAL,70.62
KRISHNADEF,50.37
KRITIKA,84.89
KRITINUT,89.42
KRONOX,26.33
KROSS,35.92
KRSNAA,48.44
KRYSTAL,52.36
KSB,21.99
KSCL,46.57
KSHINTL,49.95
KSL,51.68
KSOLVES,50.35
KSR,84.93
KTKBANK,55.4
KUANTUM,54.92
KUSUMGAR,25.42
KWIL,48.43
LAGNAM,69.58
LAHOTIOV,80.41
LAL,51.04
LALPATHLAB,59.48
LAMBODHARA,76.62
LANCORHOL,79.44
LANDMARK,31.59
LANDSMILL,58.35
LAOPALA,60.8
LASA,77.46
LASERPOWER,38.83
LATENTVIEW,45.85
LAURUSLABS,58.02
LAXMICOT,62.42
LAXMIDENTL,48.86
LCCINFOTEC,74.11
LCL,42.59
LEMERITE,34.11
LEMONTREE,54.15
LENSKART,66.24
LEXUS,67.95
LFIC,61.2
LGBBROSLTD,60.02
LGEINDIA,44.07
LGHL,4.87
LIBAS,80.51
LIBERTSHOE,61.53
LICHSGFIN,35.44
LICI,41.73
LICMFGOLD,94.71
LICNETFGSC,71.83
LICNETFN50,54.95
LICNETFSEN,99.23
LICNFNHGP,65.12
LICNMID100,88.15
LIKHITHA,74.42
LINC,71.63
LINCOLN,58.44
LINDEINDIA,42.55
LIQGRWBEES,61.1
LIQUID,10.79
LIQUID1,57.78
LIQUIDADD,64.99
LIQUIDBEES,87.83
LIQUIDBETA,98.04
LIQUIDBETF,50.88
LIQUIDCASE,65.22
LIQUIDETF,65.68
LIQUIDIETF,75.93
LIQUIDPLUS,96.19
LIQUIDSBI,99.82
LIQUIDSHRI,89.67
LLOYDSENGG,35.48
LLOYDSENT,46.07
LLOYDSME,54.45
LMW,52.52
LODHA,35.92
LORDSCHLO,65.75
LOTUSDEV,40.59
LOTUSEYE,70.97
LOVABLE,61.31
LOWVOL,93.28
LOWVOL1,34.07
LOWVOLIETF,91.26
LOYALTEX,55.1
LPDC,84.97
LT,42.78
LTF,47.28
LTFOODS,37.99
LTGILTBEES,69.72
LTGILTCASE,79.42
LTM,30.86
LTTS,66.37
LUMAXIND,46.33
LUMAXTECH,43.41
LUPIN,64.6
LUXIND,38.44
LXCHEM,34.51
M&M,61.57
M&MFIN,49.33
MAANALU,56.89
MACPOWER,50.13
MADHAV,75.94
MADHAVIPL,81.83
MADRASFERT,47.75
MAFANG,100.0
MAFATIND,71.28
MAGADSUGAR,21.22
MAGNUM,82.39
MAHABANK,56.65
MAHAPEXLTD,87.9
MAHASTEEL,43.95
MAHEPC,51.06
MAHKTECH,79.81
MAHLIFE,51.33
MAHLOG,60.1
MAHSCOOTER,43.61
MAHSEAMLES,57.24
MAITHANALL,58.26
MAJESAUT,53.96
MAKEINDIA,77.12
MALLCOM,78.65
MALUPAPER,53.63
MAMATA,47.09
MANAKALUCO,67.82
MANAKCOAT,58.39
MANAKSIA,42.35
MANAKSTEEL,73.97
MANALIPETC,52.24
MANAPPURAM,44.59
MANBA,62.91
MANCREDIT,55.43
MANGALAM,78.6
MANGLMCEM,74.31
MANINDS,48.36
MANINFRA,20.87
MANKIND,59.91
MANOMAY,34.64
MANORAMA,54.46
MANUFGBEES,86.18
MANYAVAR,7.18
MAPMYINDIA,43.54
MARATHON,68.73
MARICO,43.88
MARINE,41.0
MARKOLINES,22.76
MARKSANS,44.59
MARSONS,40.86
MARUTI,56.32
MASFIN,62.89
MASPTOP50,100.0
MASTEK,48.31
MASTERTR,30.58
MATRIMONY,78.51
MAXESTATES,63.73
MAXHEALTH,64.74
MAXIND,61.15
MAYURUNIQ,55.7
MAZDOCK,34.45
MBAPL,52.3
MBEL,59.41
MCCHRLS-B,94.1
MCL,57.57
MCLOUD,41.09
MCX,46.79
MEDANTA,59.85
MEDIASSIST,54.05
MEDICAMEQ,83.12
MEDICO,39.03
MEDPLUS,70.4
MEESHO,37.45
MEGASTAR,48.14
MEIL,64.44
MENNPIS,42.76
MERCANTILE,46.78
MERCURYEV,56.28
METAL,53.5
METALIETF,48.1
METROBRAND,53.03
METROGLOBL,66.37
METROPOLIS,62.64
MFML,75.02
MFSL,59.71
MGL,58.75
MHLXMIRU,81.76
MHRIL,50.84
MID150,89.47
MID150BEES,79.98
MID150CASE,69.98
MIDCAP,55.46
MIDCAPADD,51.07
MIDCAPBETA,64.54
MIDCAPETF,70.3
MIDCAPIETF,45.74
MIDHANI,54.33
MIDQ50ADD,93.82
MIDSELIETF,67.93
MIDSMALL,84.41
MIDWESTLTD,68.96
MINDACORP,46.26
MINDTECK,59.39
MIRZAINT,60.03
MITTAL,70.85
MKPL,76.44
MMFL,53.88
MMP,64.33
MMTC,41.79
MNC,83.86
MOALPHA50,68.18
MOBANK10,99.23
MOBIKWIK,34.87
MOCAPITAL,64.81
MODEFENCE,58.24
MODIRUBBER,65.01
MODIS,54.2
MODTHREAD,98.11
MOENERGY,66.26
MOGOLD,96.85
MOGSEC,64.62
MOHEALTH,65.57
MOHITIND,50.0
MOIL,36.95
MOINFRA,77.61
MOIPO,96.99
MOKSH,73.66
MOL,48.72
MOLDTECH,49.62
MOLDTKPAC,46.8
MOLOWVOL,79.44
MOM100,44.42
MOM30IETF,60.47
MOM50,69.22
MOMENTUM,77.86
MOMENTUM30,91.91
MOMENTUM50,67.7
MOMGF,98.04
MOMIDMTM,90.13
MOMMIDCAP,85.61
MOMNC,51.87
MOMOMENTUM,72.66
MON100,100.0
MON50EQUAL,99.83
MONARCH,62.54
MONEXT50,85.92
MONEYBOXX,41.65
MONIFTY100,92.22
MONIFTY500,60.29
MONQ50,100.0
MONTECARLO,62.54
MOPSE,100.0
MOQUALITY,85.29
MOREALTY,51.43
MOREPENLAB,29.61
MOSCHIP,39.79
MOSERVICE,99.98
MOSILVER,22.38
MOSMALL250,50.2
MOTHERSON,56.72
MOTILALOFS,41.57
MOTISONS,30.55
MOTOUR,91.52
MOVALUE,76.64
MPHASIS,51.48
MPSLTD,49.44
MRF,42.39
MRPL,31.24
MSCI360,97.48
MSCIADD,54.42
MSCIINDIA,96.31
MSPL,60.95
MSTCLTD,45.92
MSUMI,46.58
MTNL,50.79
MUFIN,21.9
MUFTI,75.2
MUKANDLTD,63.28
MUKKA,53.85
MULTICAP,76.91
MUNJALAU,41.09
MUNJALSHOW,49.36
MURUDCERA,81.9
MUTHOOTCAP,77.5
MUTHOOTFIN,42.23
MUTHOOTMF,58.75
MVGJL,40.13
MWL,10.63
NACLIND,34.66
NAGREEKCAP,60.49
NAGREEKEXP,71.94
NAHARCAP,83.18
NAHARINDUS,75.0
NAHARPOLY,65.85
NAHARSPING,63.99
NAM-INDIA,59.22
NARMADA,16.91
NATCAPSUQ,76.04
NATCOPHARM,52.89
NATHBIOGEN,79.45
NATIONALUM,34.53
NATIONSTD,100.0
NAUKRI,57.83
NAVA,52.28
NAVINFLUOR,48.53
NAVKARCORP,57.83
NAVNETEDUL,75.31
NAZARA,36.66
NBCC,37.35
NBIFIN,75.22
NCC,58.39
NCLIND,67.3
NDGL,93.98
NDL,51.03
NDLVENTURE,74.12
NDRAUTO,50.21
NDTV,58.03
NELCAST,47.02
NELCO,28.27
NEOGEN,44.91
NEPHROPLUS,61.77
NESCO,57.57
NESTLEIND,53.8
NETF,82.39
NETWEB,23.02
NETWORK18,42.06
NEULANDLAB,47.19
NEWGEN,24.53
NEXT30ADD,78.78
NEXT50,75.56
NEXT50ADD,65.95
NEXT50BETA,78.32
NEXT50ETF,23.12
NEXT50IETF,65.42
NEXTMEDIA,38.67
NFL,39.06
NGLFINE,61.12
NH,76.29
NHPC,39.56
NIACL,47.54
NIBE,49.0
NIBL,48.19
NIF100BEES,55.97
NIF100IETF,68.55
NIFTY1,62.85
NIFTY100EW,91.89
NIFTYADD,81.19
NIFTYAXIS,50.91
NIFTYBEES,61.63
NIFTYBETA,72.28
NIFTYBETF,97.35
NIFTYCASE,72.13
NIFTYETF,92.47
NIFTYIETF,70.14
NIFTYQLITY,88.71
NIITLTD,43.62
NIITMTS,50.25
NILAINFRA,68.69
NILASPACES,50.14
NILE,56.91
NILKAMAL,33.86
NIPPOBATRY,87.16
NIRAJISPAT,100.0
NIRLON,70.78
NITCO,54.27
NITINSPIN,58.88
NITIRAJ,71.65
NITTAGELA,62.85
NIVABUPA,56.63
NKIND,34.27
NLCINDIA,48.58
NMDC,52.27
NOCIL,26.36
NORBTEAEXP,67.16
NORTHARC,56.48
NOVARTIND,61.11
NPBET,63.08
NPST,58.47
NRAIL,64.6
NRBBEARING,60.49
NSIL,61.65
NSLNISP,52.15
NTPC,59.39
NTPCGREEN,53.61
NUCLEUS,52.94
NURECA,59.51
NUVAMA,49.84
NUVOCO,43.36
NV20,74.02
NV20BEES,78.49
NV20IETF,75.42
NYKAA,54.11
OAL,60.19
OBCL,95.24
OBEROIRLTY,41.92
OFSS,31.54
OIL,38.19
OILIETF,59.39
OLAELEC,19.41
OLECTRA,43.57
OMAXE,46.59
OMINFRAL,47.49
OMNI,38.72
OMPOWER,35.3
ONEPOINT,56.06
ONESOURCE,44.85
ONGC,64.03
ONWARDTEC,56.62
OPTIEMUS,56.06
ORCHASP,79.06
ORCHPHARMA,46.6
ORICONENT,62.96
ORIENTALTL,87.26
ORIENTBELL,56.14
ORIENTCEM,52.03
ORIENTCER,44.04
ORIENTELEC,53.45
ORIENTHOT,41.68
ORIENTPPR,58.17
ORIENTTECH,52.51
ORISSAMINE,42.8
ORKLAINDIA,67.9
OSWALAGRO,80.41
OSWALGREEN,39.98
OSWALPUMPS,61.65
OSWALSEEDS,86.63
PACEDIGITK,51.6
PAGEIND,50.18
PAISALO,54.06
PAKKA,64.6
PALASHSECU,89.19
PANACEABIO,48.73
PANAMAPET,51.84
PANSARI,16.71
PAR,81.04
PARACABLES,57.54
PARADEEP,34.07
PARAGMILK,47.79
PARAS,27.75
PARASPETRO,66.79
PARKHOSPS,39.7
PARKHOTELS,63.0
PASHUPATI,94.95
PATANJALI,14.88
PATELENG,54.89
PATELRMART,37.76
PAUSHAKLTD,11.2
PAVNAIND,57.95
PAYTM,25.79
PCBL,37.84
PCJEWELLER,18.36
PDMJEPAPER,50.14
PDSL,55.39
PENIND,55.34
PERSISTENT,27.86
PETRONET,47.4
PFC,63.51
PFIZER,59.53
PFOCUS,52.29
PFS,67.99
PGEL,31.41
PGHH,56.59
PGHL,61.78
PGIL,50.76
PHARMABEES,54.99
PHOENIXLTD,68.14
PICCADIL,46.82
PIDILITIND,34.24
PIGL,61.43
PIIND,42.76
PILANIINVS,76.39
PINELABS,21.29
PIONEEREMB,67.39
PIRAMALFIN,52.39
PITTIENG,67.92
PIXTRANS,55.59
PKTEA,94.87
PLASTIBLEN,50.25
PLATIND,46.56
PML,77.87
PNB,50.85
PNBGILTS,47.81
PNBHOUSING,40.6
PNC,87.67
PNCINFRA,58.18
PNGJL,38.57
PNGSREVA,12.38
POCL,49.49
PODDARMENT,81.24
POKARNA,57.2
POLICYBZR,44.74
POLYCAB,44.41
POLYMED,50.12
POLYPLEX,46.06
PONNIERODE,44.98
POONAWALLA,49.07
POWERGRID,42.71
POWERICA,55.6
POWERINDIA,42.3
POWERMECH,50.61
PPLPHARMA,36.73
PRABHA,66.9
PRAENG,72.43
PRAJIND,30.36
PRAKASH,56.95
PRAKASHSTL,86.47
PRAVEG,61.39
PRAXIS,68.49
PRECAM,38.17
PRECOT,84.44
PRECWIRE,45.7
PREMCO,93.5
PREMEXPLN,64.71
PREMIERENE,37.57
PREMIERPOL,47.06
PRESTIGE,42.67
PRICOLLTD,34.67
PRIMESECU,56.41
PRIMO,72.48
PRINCEPIPE,27.76
PRIVISCL,63.7
PROSTARM,52.76
PROTEAN,39.5
PROZONER,72.2
PRSMJOHNSN,63.47
PRUDENT,58.02
PSB,43.44
PSPPROJECT,46.66
PSUBANK,26.69
PSUBANKADD,60.17
PSUBNKBEES,44.18
PSUBNKIETF,58.21
PTC,58.57
PTCIL,47.66
PTL,74.23
PUNJABCHEM,49.12
PURVA,45.59
PVP,36.81
PVRINOX,50.5
PVSL,76.42
PVTBANIETF,68.93
PVTBANK,99.99
PVTBANKADD,77.0
PVTBKGROWW,68.74
PWL,31.23
PYRAMID,62.02
QGOLDHALF,27.91
QMSMEDI,46.88
QNIFTY,64.49
QUADFUTURE,45.15
QUAL30IETF,76.6
QUALITY30,98.87
QUESS,39.3
QUINT,70.74
RACE,76.32
RACLGEAR,44.76
RADAAN,58.27
RADHIKAJWE,35.31
RADIANTCMS,66.05
RADICO,62.81
RADIOCITY,60.58
RAILTEL,38.58
RAIN,45.94
RAINBOW,60.7
RAJMET,58.77
RAJPALAYAM,49.67
RAJRATAN,31.49
RAJSREESUG,64.93
RAJTV,87.58
RALLIS,57.3
RAMANEWS,68.9
RAMAPHO,63.1
RAMBHAJO,47.09
RAMCOCEM,61.36
RAMCOIND,63.54
RAMCOSYS,62.31
RAMKY,61.18
RAMRAT,32.34
RANASUG,61.01
RANEHOLDIN,57.46
RATEGAIN,53.97
RATNAMANI,62.18
RATNAVEER,8.71
RAYMOND,45.85
RAYMONDLSL,33.82
RAYMONDREL,47.99
RBA,27.41
RBLBANK,35.72
RBZJEWEL,55.15
RCF,43.31
RECLTD,63.36
REDINGTON,22.21
REDTAPE,62.36
REFEX,44.09
REGENCERAM,58.13
RELAXO,34.22
RELCHEMQ,44.33
RELIABLE,32.77
RELIANCE,49.09
RELIGARE,64.87
RELTD,42.35
REMSONSIND,65.07
RENUKA,29.19
REPCOHOME,74.8
REPRO,35.14
RESPONIND,35.51
RETAIL,93.12
RGL,49.39
RHETAN,13.45
RHIM,51.7
RHL,65.2
RICOAUTO,34.8
RIIL,33.98
RIR,55.81
RISHABH,56.49
RITCO,42.78
RITES,24.46
RKDL,86.38
RKEC,61.67
RKFORGE,36.39
RKSWAMY,71.69
RMC,16.13
RML,62.16
RNBDENIMS,78.96
ROHLTD,73.59
ROLEXRINGS,54.89
ROML,65.99
ROSSARI,57.4
ROSSELLIND,77.11
ROSSTECH,33.87
ROTO,51.13
ROUTE,38.81
RPEL,56.3
RPGLIFE,39.99
RPOWER,32.47
RPPINFRA,70.62
RPPL,91.89
RPSGVENT,77.55
RPTECH,42.5
RRIL,54.79
RRKABEL,53.52
RSDFIN,17.84
RSL,53.55
RSYSTEMS,49.61
RTNINDIA,49.77
RTNPOWER,31.54
RUBFILA,84.13
RUBICON,46.09
RUCHINFRA,90.69
RUCHIRA,61.43
RUDRA,55.17
RUPA,34.67
RUSHIL,25.14
RUSTOMJEE,5.96
RVHL,65.46
RVNL,31.46
RVTH,87.65
S&SPOWER,71.65
SAATVIKGL,52.99
SABEVENTS,100.0
SADBHAV,67.15
SAFARI,32.62
SAGARDEEP,100.0
SAGCEM,71.21
SAGILITY,45.78
SAHLIBHFI,79.89
SAHYADRI,68.57
SAIL,32.54
SAILIFE,55.8
SAIPARENT,57.37
SAKAR,53.03
SAKHTISUG,45.54
SAKSOFT,29.7
SAKUMA,81.79
SALASAR,43.37
SALONA,78.95
SALSTEEL,57.46
SALZERELEC,50.95
SAMBHAAV,64.35
SAMBHV,24.52
SAMHI,53.54
SAMMAANCAP,59.37
SAMPANN,76.21
SANATHAN,51.48
SANDESH,74.17
SANDHAR,49.87
SANDUMA,48.98
SANGAMIND,56.01
SANGHVIMOV,40.01
SANOFI,50.54
SANOFICONR,51.19
SANSERA,53.6
SANSTAR,33.24
SAPPHIRE,43.47
SAPPL,97.48
SARDAEN,45.45
SAREGAMA,18.79
SARLAPOLY,76.02
SARVESHWAR,71.9
SASKEN,53.63
SATIA,68.77
SATIN,45.81
SAURASHCEM,56.81
SAYAJIHOTL,100.0
SBC,42.82
SBCL,52.75
SBFC,49.5
SBGLP,82.21
SBIBPB,66.46
SBICARD,46.61
SBIETFCON,93.8
SBIETFIT,83.12
SBIETFPB,68.25
SBIETFQLTY,74.3
SBIFUNDS,55.17
SBILIFE,62.78
SBILIQETF,68.22
SBIMIDMOM,76.32
SBIN,53.06
SBINEQWETF,47.85
SBINMID150,91.17
SBISILVER,42.94
SBISMLETF,90.32
SBIVALETF,96.75
SCHAEFFLER,51.51
SCHAND,68.57
SCHNEIDER,46.6
SCI,27.21
SCILAL,29.4
SCODATUBES,41.15
SCPL,71.43
SDBL,51.35
SEAMECLTD,55.67
SECMARK,69.49
SECURKLOUD,84.64
SEDEMAC,49.98
SEIL,72.68
SELECTIPO,78.68
SELMC,70.26
SENCO,31.54
SENORES,44.97
SENSEXADD,92.36
SENSEXAXIS,40.35
SENSEXBETA,50.62
SENSEXETF,51.38
SENSEXIETF,46.22
SEPC,47.34
SERVOTECH,48.58
SESHAPAPER,59.79
SETF10GILT,89.78
SETFGOLD,75.36
SETFNIF50,74.17
SETFNIFBK,59.81
SETFNN50,65.73
SETL,57.89
SFL,37.28
SGFIN,40.2
SGIL,61.12
SGL,94.67
SGMART,52.47
SHADOWFAX,43.82
SHAH,20.17
SHAHALLOYS,97.17
SHAILY,64.48
SHAKTIPUMP,50.01
SHALBY,58.3
SHALPAINTS,22.08
SHANKARA,64.21
SHANTI,67.06
SHANTIGEAR,65.79
SHANTIGOLD,60.14
SHARDACROP,60.73
SHARDAMOTR,53.52
SHAREINDIA,51.07
SHARIABEES,62.92
SHBAJRG,66.45
SHEKHAWATI,88.34
SHILCTECH,52.64
SHILPAMED,44.45
SHINDL,7.96
SHIVATEX,96.53
SHIVAUM,58.82
SHK,42.34
SHOPERSTOP,44.07
SHRADHA,63.61
SHREDIGCEM,64.12
SHREECEM,37.41
SHREEJISPG,54.91
SHREEPUSHK,58.48
SHREERAMA,62.83
SHREYANIND,87.42
SHRIKRISH,99.47
SHRINGARMS,29.75
SHRIPISTON,53.14
SHRIRAMFIN,55.09
SHRIRAMPPS,58.0
SHYAMMETL,12.54
SICAGEN,97.06
SIEMENS,22.99
SIGIND,43.08
SIGMA,57.65
SIGNATURE,8.72
SIGNPOST,50.26
SIKA,44.22
SIKKO,87.34
SIL,84.32
SILGO,49.6
SILINV,73.09
SILLYMONKS,38.25
SILVER,45.38
SILVER1,51.7
SILVER360,60.13
SILVERADD,80.38
SILVERAG,25.07
SILVERAXIS,57.66
SILVERBEES,40.17
SILVERBETA,53.63
SILVERBND,54.68
SILVERCASE,25.6
SILVERIETF,60.61
SILVERTUC,39.08
SIMPLEXINF,45.7
SINCLAIR,68.1
SINDHUTRAD,67.91
SINGERIND,54.66
SINTERCOM,77.79
SIRCA,32.56
SIS,69.31
SIYSIL,55.89
SJS,53.07
SJVN,54.54
SKFINDIA,63.26
SKFINDUS,54.68
SKIPPER,49.18
SKMEGGPROD,37.69
SKYGOLD,50.85
SMALL250,82.29
SMALLADD,71.14
SMALLCAP,58.23
SMALLGROWW,78.82
SMALLIETF,83.26
SMARTWORKS,61.58
SMCGLOBAL,60.23
SML100CASE,66.38
SMLMAH,34.32
SMLT,49.87
SMSPHARMA,48.85
SNOWMAN,72.96
SNXT30BEES,14.22
SNXT50BETA,67.26
SOBHA,49.0
SOLARA,61.36
SOLARINDS,39.07
SOLARWORLD,49.87
SOLEX,43.23
SOMANYCERA,58.37
SOMATEX,79.62
SOMICONVEY,80.45
SONACOMS,47.09
SONAL,100.0
SONAMLTD,62.5
SONATSOFTW,32.51
SOTL,44.4
SOUTHBANK,49.22
SOUTHWEST,51.59
SPAL,28.14
SPANDANA,53.83
SPARC,50.37
SPCENET,83.11
SPECIALITY,51.33
SPECTRUM,38.92
SPENCERS,58.51
SPIC,44.97
SPLIL,85.13
SPLPETRO,47.62
SPMLINFRA,53.87
SPORTKING,35.3
SRD,74.35
SREEL,74.54
SRF,55.27
SRGHFL,85.76
SRHHYPOLTD,76.15
SRM,65.48
SRTL,80.25
SSDL,37.97
SSWL,45.97
STALLION,30.44
STANLEY,55.43
STAR,63.91
STARCEMENT,66.62
STARHEALTH,57.77
STARPAPER,93.53
STARTECK,6.63
STCINDIA,55.76
STEELCAS,64.37
STEELCITY,21.74
STEELXIND,60.51
STEL,51.53
STOVEKRAFT,29.37
STUDDS,62.01
STYL,54.89
STYLAMIND,40.01
STYRENIX,32.66
SUBROS,48.66
SUDARCOLOR,72.38
SUDARSCHEM,44.43
SUDEEPPHRM,48.16
SUKHJITS,53.58
SULA,50.88
SUMEETINDS,100.0
SUMICHEM,42.17
SUMIT,65.76
SUMMITSEC,22.72
SUNCLAY,58.25
SUNDARAM,69.7
SUNDARMFIN,49.12
SUNDRMFAST,58.5
SUNDROP,77.27
SUNFLAG,50.5
SUNPHARMA,67.26
SUNTECK,53.09
SUNTV,57.8
SUPERHOUSE,49.6
SUPRAJIT,54.5
SUPREME,32.93
SUPREMEIND,61.15
SUPREMEINF,52.71
SUPRIYA,49.88
SURAJEST,77.85
SURAJLTD,87.87
SURAKSHA,72.21
SURANASOL,72.55
SURANAT&P,75.91
SURYALA,77.55
SURYALAXMI,93.74
SURYAROSNI,53.39
SURYODAY,40.11
SUVEN,37.03
SUVIDHAA,64.12
SUYOG,64.61
SUZLON,39.71
SWANCORP,37.59
SWARAJENG,59.58
SWELECTES,65.32
SWIGGY,30.55
SWSOLAR,53.32
SYMPHONY,25.43
SYNCOMF,46.14
SYNGENE,47.84
SYRMA,40.1
TAALTECH,61.04
TAINWALCHM,79.63
TAJGVK,54.37
TAKE,90.5
TALBROAUTO,42.88
TANLA,37.69
TARACHAND,56.59
TARAPUR,82.07
TARC,41.93
TARIL,47.7
TARMAT,94.29
TARSONS,55.01
TASTYBITE,53.22
TATACAP,63.62
TATACHEM,48.4
TATACOMM,54.53
TATACONSUM,57.75
TATAELXSI,36.45
TATAGOLD,41.95
TATAINVEST,45.42
TATAPOWER,46.75
TATASTEEL,57.6
TATATECH,47.06
TATSILV,35.5
TATVA,40.69
TBOTEK,69.45
TBZ,33.7
TCC,78.5
TCI,57.63
TCIEXP,49.45
TCPLPACK,41.71
TCS,53.97
TDPOWERSYS,42.55
TEAMGTY,100.0
TEAMLEASE,61.94
TECH,50.95
TECHM,57.7
TECHNOE,50.3
TECHNVISN,75.14
TECILCHEM,82.51
TEGA,42.73
TEJASNET,24.6
TEMBO,47.27
TENNIND,61.18
TERASOFT,53.34
TEXINFRA,82.9
TEXMOPIPES,81.56
TEXRAIL,46.91
TFCILTD,36.68
TFL,95.74
TGBHOTELS,82.05
THANGAMAYL,44.07
THEINVEST,81.92
THEJO,51.92
THELEELA,56.41
THEMISMED,49.98
THERMAX,41.9
THOMASCOOK,22.95
THOMASCOTT,49.04
THYROCARE,55.78
TI,56.35
TIIL,64.42
TIINDIA,51.6
TIJARIA,73.29
TIL,30.83
TIMETECHNO,12.73
TIMEX,51.55
TIMKEN,63.13
TINNARUBR,42.19
TIPSFILMS,60.96
TIPSMUSIC,52.54
TIRUMALCHM,51.85
TITAGARH,43.53
TITAN,63.31
TMB,52.12
TMCV,46.24
TMPV,54.7
TNIDETF,72.31
TNPETRO,56.17
TNPL,62.55
TNTELE,77.6
TOLINS,59.87
TOP100CASE,81.35
TOP10ADD,69.46
TOP15IETF,86.02
TOP20,64.61
TORNTPHARM,71.19
TORNTPOWER,56.57
TOTAL,56.76
TOUCHWOOD,93.26
TPHQ,68.63
TPLPLASTEH,39.37
TRACXN,74.96
TRANSPEK,21.61
TRANSRAILL,46.12
TRAVELFOOD,52.93
TREEHOUSE,72.33
TREJHARA,84.77
TREL,65.59
TRENT,46.24
TRF,34.19
TRIDENT,45.84
TRIGYN,55.75
TRITURBINE,30.44
TRU,73.43
TRUALT,52.41
TSFINV,41.07
TTKHLTCARE,57.08
TTKPRESTIG,45.0
TTL,69.37
TTML,42.7
TURTLEMINT,48.25
TVSELECT,46.24
TVSHLTD,48.19
TVSMOTOR,66.03
TVSSCS,61.27
TVSSRICHAK,73.25
TVTODAY,72.95
TVVISION,85.29
TWCGOLDETF,98.36
UBL,68.49
UCAL,68.69
UCOBANK,38.94
UDS,50.83
UEL,41.56
UFBL,51.05
UFLEX,62.68
UFO,57.95
UGARSUGAR,61.01
UGROCAP,40.99
UJJIVANSFB,46.87
ULTRACEMCO,47.69
ULTRAMAR,53.35
UMESLTD,82.3
UMIYA-MRO,64.24
UNICHEMLAB,49.23
UNIECOM,56.14
UNIENTER,57.32
UNIMECH,26.7
UNIONBANK,49.36
UNIONGOLD,17.26
UNIPARTS,51.56
UNITDSPR,41.75
UNITECH,58.97
UNITEDTEA,58.74
UNIVCABLES,43.7
UNOMINDA,28.66
UPL,34.83
URBANCO,17.62
URJA,57.28
USHAMART,58.93
USK,94.97
UTIAMC,59.79
UTKARSHBNK,49.73
UTLSOLAR,55.79
UTTAMSUGAR,24.74
UYFINCORP,30.64
V2RETAIL,50.59
VADILALIND,50.61
VAIBHAVGBL,41.71
VAISHALI,80.71
VAKRANGEE,57.69
VAL30IETF,74.02
VALUE,82.04
VALUEAXIS,71.78
VAML,61.58
VARDMNPOLY,68.39
VARROC,45.29
VASWANI,80.67
VBL,48.16
VCL,86.6
VEDL,53.39
VEDPOWER,38.77
VEEDOL,36.66
VENKEYS,47.28
VENTIVE,73.63
VENUSPIPES,54.28
VERANDA,40.6
VESUVIUS,50.66
VGL,29.26
VGUARD,48.32
VHL,56.11
VIDHIING,53.8
VIDYAWIRES,55.22
VIJAYA,45.17
VIKASECO,53.29
VIKASLIFE,69.41
VIKRAMSOLR,42.74
VIKRAN,45.01
VIMTALABS,40.42
VINATIORGA,52.12
VINCOFE,33.66
VINDHYATEL,36.17
VINNY,78.43
VINYLINDIA,65.64
VIPIND,52.71
VIRINCHI,75.41
VISAKAIND,55.78
VISHNU,64.96
VISHWARAJ,72.04
VISL,28.29
VIVIDHA,73.11
VIYASH,58.83
VLSFINANCE,72.16
VMART,46.91
VMM,50.7
VOEPL,51.81
VOGL,39.04
VOLTAMP,37.94
VOLTAS,30.33
VRAJ,71.61
VRLLOG,25.21
VSSL,61.59
VSTIND,51.03
VSTL,68.86
VSTTILLERS,54.89
VTL,48.19
WAAREEENER,44.52
WAAREEINDO,62.57
WAAREERTL,52.66
WABAG,54.28
WAKEFIT,23.78
WALCHANNAG,41.77
WANBURY,60.04
WCIL,61.76
WEALTH,87.47
WEBELSOLAR,60.91
WEIZMANIND,77.84
WEL,50.04
WELCORP,56.3
WELENT,53.05
WELSPLSOL,63.32
WELSPUNLIV,37.61
WENDT,60.56
WESTLIFE,54.0
WEWORK,70.11
WHEELS,61.86
WHIRLPOOL,52.55
WILLAMAGOR,71.15
WINDLAS,53.78
WINDMACHIN,52.84
WIPL,78.82
WIPRO,63.99
WOCKPHARMA,39.2
WONDERLA,34.53
WORTHPERI,46.2
WPIL,57.43
WSI,62.22
WSTCSTPAPR,61.79
XCHANGING,63.55
XELPMOC,61.25
XPROINDIA,50.77
XTGLOBAL,79.81
YASHO,18.41
YATHARTH,44.95
YATRA,50.06
YESBANK,42.62
YUKEN,86.25
ZAGGLE,54.17
ZEEL,27.33
ZEEMEDIA,81.46
ZENITHEXPO,80.18
ZENITHSTL,86.34
ZENSARTECH,42.35
ZENTEC,30.54
ZFCVINDIA,64.86
ZFSTEERING,67.93
ZODIAC,42.3
ZODIACLOTH,97.15
ZOTA,51.73
ZSARACOM,90.57
ZUARI,57.99
ZUARIIND,59.8
ZYDUSLIFE,54.58
ZYDUSWELL,23.11
